{"properties": [
  {
    "name": "org.info.name",
    "type": "java.lang.String",
    "description": "A description for 'org.info.name'"
  },
  {
    "name": "org.info.location",
    "type": "java.lang.String",
    "description": "A description for 'org.info.location'"
  },
  {
    "name": "org.info.size",
    "type": "java.lang.String",
    "description": "A description for 'org.info.size'"
  },
  {
    "name": "org.info.pincode",
    "type": "java.lang.String",
    "description": "A description for 'org.info.pincode'"
  },
  {
    "name": "my.info.name",
    "type": "java.lang.String",
    "description": "A description for 'my.info.name'"
  },
  {
    "name": "my.info.location",
    "type": "java.lang.String",
    "description": "A description for 'my.info.location'"
  },
  {
    "name": "my.info.size",
    "type": "java.lang.String",
    "description": "A description for 'my.info.size'"
  }
]}