<?xml version="1.0" encoding="UTF-8"?>
<beans xmlns="http://www.springframework.org/schema/beans"
	xmlns:xsi="http://www.w3.org/2001/XMLSchema-instance"
	xsi:schemaLocation="http://www.springframework.org/schema/beans
        https://www.springframework.org/schema/beans/spring-beans.xsd">

	<bean id="hkDs" class="com.zaxxer.hikari.HikariDataSource">
		<property name="driverClassName"
			value="com.mysql.cj.jdbc.Driver" />
		<property name="jdbcUrl"
			value="jdbc:mysql:///enterprisejavabatch" />
		<property name="username" value="root" />
		<property name="password" value="root123" />
		<property name="maximumPoolSize" value="30" />
		<property name="minimumIdle" value="10" />
	</bean>

	<bean id="template"
		class="org.springframework.jdbc.core.JdbcTemplate">
		<constructor-arg ref="hkDs" />
	</bean>

	<bean id="empDao" class="in.ineuron.dao.EmployeeDaoImpl">
		<constructor-arg ref="template" />
	</bean>

</beans>